<?xml version="1.0" encoding="UTF-8"?>
<!DOCTYPE mapper PUBLIC "-//mybatis.org//DTD Mapper 3.0//EN" "http://mybatis.org/dtd/mybatis-3-mapper.dtd">
<mapper namespace="com.demo1.dao.OptionEntityMapper">
  <resultMap id="BaseResultMap" type="com.demo1.dao.entity.OptionEntity">
    <!--
      WARNING - @mbg.generated
      This element is automatically generated by MyBatis Generator, do not modify.
    -->
    <id column="id" jdbcType="VARCHAR" property="id" />
    <result column="question_id" jdbcType="VARCHAR" property="questionId" />
    <result column="option_text" jdbcType="VARCHAR" property="optionText" />
    <result column="option_order" jdbcType="VARCHAR" property="optionOrder" />
    <result column="questionnaire_id" jdbcType="VARCHAR" property="questionnaireId"/>
    <result column="fraction" jdbcType="VARCHAR" property="fraction"/>

    <association property="question_info" javaType="com.demo1.dao.entity.QuestionEntity">
      <id column="id" jdbcType="VARCHAR" property="qid"/>
    </association>
  </resultMap>
  <sql id="Base_Column_List">
    <!--
      WARNING - @mbg.generated
      This element is automatically generated by MyBatis Generator, do not modify.
    -->
    id,question_id,option_text,option_order,questionnaire_id,fraction
  </sql>

  <select id="queryOptionList" parameterType="java.lang.String" resultType="com.demo1.dao.entity.OptionEntity">
    <!--
      WARNING - @mbg.generated
      This element is automatically generated by MyBatis Generator, do not modify.
    -->
    SELECT id,question_id as "questionId",option_text as "optionText",
    option_text as "optionText",
    option_order as "optionOrder",questionnaire_id as "questionnaireId",
    fraction
    FROM option_info
    WHERE option_info.question_id = #{questionId,jdbcType=VARCHAR} AND questionnaire_id = #{questionnaireId,jdbcType=VARCHAR}
    order by optionOrder
  </select>
  <delete id="deleteOptionById" parameterType="com.demo1.dao.entity.OptionEntity">
    <!--
      WARNING - @mbg.generated
      This element is automatically generated by MyBatis Generator, do not modify.
    -->
    delete from option_info
    where id = #{id,jdbcType=VARCHAR}
  </delete>
  <insert id="insert" parameterType="com.demo1.dao.entity.OptionEntity">
    <!--
      WARNING - @mbg.generated
      This element is automatically generated by MyBatis Generator, do not modify.
    -->
    insert into option_info (id,question_id,option_text,option_order,questionnaire_id,fraction)
    values (#{id,jdbcType=VARCHAR},#{questionId,jdbcType=VARCHAR},#{optionText,jdbcType=VARCHAR},#{optionOrder,jdbcType=VARCHAR},
    #{questionnaireId,jdbcType=VARCHAR},#{fraction,jdbcType=VARCHAR})
  </insert>
  <update id="updateByPrimaryKeySelective" parameterType="com.demo1.dao.entity.OptionEntity">
    <!--
      WARNING - @mbg.generated
      This element is automatically generated by MyBatis Generator, do not modify.
    -->
    update option_info
    <set>
      <if test="questionId != null">
        question_id = #{questionId,jdbcType=VARCHAR}
      </if>
      <if test="optionText != null">
        option_text = #{optionText,jdbcType=VARCHAR},
      </if>

      <if test="optionOrder != null">
        option_order = #{optionOrder,jdbcType=VARCHAR},
      </if>
      <if test="questionnaireId != null">
        questionnaire_id = #{questionnaireId,jdbcType=VARCHAR},
      </if>
      <if test="fraction != null">
        fraction = #{fraction,jdbcType=VARCHAR},
      </if>
    </set>
    where id = #{id,jdbcType=VARCHAR}
  </update>
</mapper>