<?xml version="1.0" encoding="UTF-8"?>
<!DOCTYPE mapper PUBLIC "-//mybatis.org//DTD Mapper 3.0//EN" "http://mybatis.org/dtd/mybatis-3-mapper.dtd">
<mapper namespace="com.demo1.dao.PaperEntityMapper">
  <resultMap id="BaseResultMap" type="com.demo1.dao.entity.Paper">
    <!--
      WARNING - @mbg.generated
      This element is automatically generated by MyBatis Generator, do not modify.
    -->
    <id column="id" jdbcType="VARCHAR" property="id" />
    <result column="questionnaire_id" jdbcType="VARCHAR" property="questionnaireId" />
    <result column="answer_source" jdbcType="VARCHAR" property="answerSource" />
    <result column="submit_date" jdbcType="TIMESTAMP" property="submitDate" />
  </resultMap>
  <sql id="Base_Column_List">
    <!--
      WARNING - @mbg.generated
      This element is automatically generated by MyBatis Generator, do not modify.
    -->
    id,questionnaire_id,submit_date
  </sql>

  <select id="findByQuestionnaireId" parameterType="java.lang.String" resultType="com.demo1.dao.entity.Paper">
    <!--
      WARNING - @mbg.generated
      This element is automatically generated by MyBatis Generator, do not modify.
    -->
    SELECT id,questionnaire_id as "questionnaireId",submit_date as "submitDate",answer_source as "answerSource"
    FROM paper_info
    WHERE paper_info.questionnaire_id = #{questionnaireId,jdbcType=VARCHAR}
  </select>
  <delete id="deleteProjectById" parameterType="com.demo1.dao.entity.Paper">
    <!--
      WARNING - @mbg.generated
      This element is automatically generated by MyBatis Generator, do not modify.
    -->
    delete from paper_info
    where id = #{id,jdbcType=VARCHAR}
  </delete>
  <insert id="insert" parameterType="com.demo1.dao.entity.Paper">
    <!--
      WARNING - @mbg.generated
      This element is automatically generated by MyBatis Generator, do not modify.
    -->
    insert into paper_info (id,questionnaire_id,submit_date,answer_source)
    values (#{id,jdbcType=VARCHAR},#{questionnaireId,jdbcType=VARCHAR},#{submitDate,jdbcType=VARCHAR},#{answerSource,jdbcType=VARCHAR})
  </insert>
  <update id="updateByPrimaryKeySelective" parameterType="com.demo1.dao.entity.Paper">
    <!--
      WARNING - @mbg.generated
      This element is automatically generated by MyBatis Generator, do not modify.
    -->
    update paper_info
    <set>
      <if test="questionnaireId != null">
        questionnaire_id = #{questionnaireId,jdbcType=VARCHAR}
      </if>
      <if test="submitDate != null">
        submit_date = #{submitDate,jdbcType=TIMESTAMP},
      </if>
      <if test="answerSource != null">
        answer_source = #{answerSource,jdbcType=VARCHAR},
      </if>
    </set>
    where id = #{id,jdbcType=VARCHAR}
  </update>
</mapper>