<?xml version="1.0" encoding="UTF-8"?>
<!DOCTYPE mapper PUBLIC "-//mybatis.org//DTD Mapper 3.0//EN" "http://mybatis.org/dtd/mybatis-3-mapper.dtd">
<mapper namespace="com.demo1.dao.PaperAnswerEntityMapper">
  <resultMap id="BaseResultMap" type="com.demo1.dao.entity.PaperAnswer">
    <!--
      WARNING - @mbg.generated
      This element is automatically generated by MyBatis Generator, do not modify.
    -->
    <id column="id" jdbcType="VARCHAR" property="id" />
    <result column="paper_id" jdbcType="VARCHAR" property="paperId" />
    <result column="answer" jdbcType="VARCHAR" property="answer" />
    <result column="question_id" jdbcType="VARCHAR" property="questionId" />
  </resultMap>
  <sql id="Base_Column_List">
    <!--
      WARNING - @mbg.generated
      This element is automatically generated by MyBatis Generator, do not modify.
    -->
    id,question_id,answer,project_content,created_by,question_id,last_updated_by,last_update_date
  </sql>

  <select id="queryPaperAnswerList" parameterType="java.lang.String" resultType="com.demo1.dao.entity.PaperAnswer">
    <!--
      WARNING - @mbg.generated
      This element is automatically generated by MyBatis Generator, do not modify.
    -->
    SELECT id,paper_id as "paperId",question_id as "questionId",answer
    FROM paper_answer_info
    WHERE paper_id = #{paperId,jdbcType=VARCHAR}
  </select>
  <delete id="deleteProjectById" parameterType="com.demo1.dao.entity.PaperAnswer">
    <!--
      WARNING - @mbg.generated
      This element is automatically generated by MyBatis Generator, do not modify.
    -->
    delete from paper_answer_info
    where id = #{id,jdbcType=VARCHAR}
  </delete>
  <insert id="insert" parameterType="com.demo1.dao.entity.PaperAnswer">
    <!--
      WARNING - @mbg.generated
      This element is automatically generated by MyBatis Generator, do not modify.
    -->
    insert into paper_answer_info (id,paper_id,answer,question_id)
    values (#{id,jdbcType=VARCHAR},#{paperId,jdbcType=VARCHAR},#{answer,jdbcType=VARCHAR},#{questionId,jdbcType=VARCHAR})
  </insert>
  <update id="updateByPrimaryKeySelective" parameterType="com.demo1.dao.entity.PaperAnswer">
    <!--
      WARNING - @mbg.generated
      This element is automatically generated by MyBatis Generator, do not modify.
    -->
    update paper_answer_info
    <set>
      <if test="paperId != null">
        paper_id = #{paperId,jdbcType=VARCHAR}
      </if>
      <if test="answer != null">
        answer = #{answer,jdbcType=VARCHAR},
      </if>
      <if test="questionId != null">
        question_id = #{questionId,jdbcType=VARCHAR},
      </if>
    </set>
    where id = #{id,jdbcType=VARCHAR}
  </update>
</mapper>