<?xml version="1.0" encoding="UTF-8"?>
<!DOCTYPE mapper PUBLIC "-//mybatis.org//DTD Mapper 3.0//EN" "http://mybatis.org/dtd/mybatis-3-mapper.dtd">
<mapper namespace="com.demo1.dao.QuestionnaireEntityMapper">
  <resultMap id="BaseResultMap" type="com.demo1.dao.entity.QuestionnaireEntity">
    <!--
      WARNING - @mbg.generated
      This element is automatically generated by MyBatis Generator, do not modify.
    -->
    <id column="id" jdbcType="VARCHAR" property="id" />
    <result column="questionnaire_title" jdbcType="VARCHAR" property="questionnaireTitle" />
    <result column="questionnaire_description" jdbcType="VARCHAR" property="questionnaireDescription" />
    <result column="start_time" jdbcType="TIMESTAMP" property="startTime" />
    <result column="end_time" jdbcType="TIMESTAMP" property="endTime"/>
    <result column="created_by" jdbcType="VARCHAR" property="createdBy" />
    <result column="creation_time" jdbcType="TIMESTAMP" property="creationTime" />
    <result column="questionnaire_type" jdbcType="VARCHAR" property="questionnaireType" />
    <result column="question_count" jdbcType="VARCHAR" property="questionCount" />
    <result column="status" jdbcType="VARCHAR" property="status"/>
    <result column="project_name" jdbcType="VARCHAR" property="projectName"/>
    
    <association property="project_info" javaType="com.demo1.dao.entity.ProjectEntity">
      <id column="id" jdbcType="VARCHAR" property="pid"/>
      <result column="project_name" jdbcType="VARCHAR" property="pname"/>
    </association>
  </resultMap>
  <sql id="Base_Column_List">
    <!--
      WARNING - @mbg.generated
      This element is automatically generated by MyBatis Generator, do not modify.
    -->
    id,user_id,project_name,project_content,created_by,creation_date,last_updated_by,last_update_date
  </sql>

  <select id="queryQuestionnaireList" parameterType="java.lang.String" resultType="com.demo1.dao.entity.QuestionnaireEntity">
    <!--
      WARNING - @mbg.generated
      This element is automatically generated by MyBatis Generator, do not modify.
    -->
    SELECT id,questionnaire_title as "questionnaireTitle",questionnaire_description as "questionnaireDescription",
    start_time as "startTime",end_time as "endTime",created_by as "createdBy",creation_time as "creationTime",
    questionnaire_type as "questionnaireType",question_count as "questionCount",status,project_id as "projectId"
    FROM questionnaire_info
    WHERE questionnaire_info.project_id = #{id,jdbcType=VARCHAR}
    AND status = "1"
  </select>

  <select id="findQuestionnaireById" parameterType="java.lang.String" resultType="com.demo1.dao.entity.QuestionnaireEntity">
    SELECT id,questionnaire_title as "questionnaireTitle",questionnaire_description as "questionnaireDescription",
           start_time as "startTime",end_time as "endTime",created_by as "createdBy",creation_time as "creationTime",
           questionnaire_type as "questionnaireType",question_count as "questionCount",status,project_id as "projectId"
    FROM questionnaire_info
    WHERE id = #{id,jdbcType=VARCHAR}
  </select>

  <update id="deleteQuestionnaireById" parameterType="com.demo1.dao.entity.QuestionnaireEntity" >
    <!--
      WARNING - @mbg.generated
      This element is automatically generated by MyBatis Generator, do not modify.
    -->
    update questionnaire_info
    SET status = "0"
    WHERE id = #{id,jdbcType=VARCHAR}
  </update>
  <insert id="insert" parameterType="com.demo1.dao.entity.QuestionnaireEntity">
    <!--
      WARNING - @mbg.generated
      This element is automatically generated by MyBatis Generator, do not modify.
    -->
    insert into questionnaire_info (id,questionnaire_title,questionnaire_description,
    start_time,end_time,created_by,creation_time,questionnaire_type,question_count,status,project_id)
    values (#{id,jdbcType=VARCHAR},#{questionnaireTitle,jdbcType=VARCHAR},#{questionnaireDescription,jdbcType=VARCHAR},#{startTime,jdbcType=TIMESTAMP},
            #{endTime,jdbcType=TIMESTAMP},#{createdBy,jdbcType=VARCHAR},#{creationTime,jdbcType=TIMESTAMP},#{questionnaireType,jdbcType=VARCHAR},#{questionCount,jdbcType=VARCHAR},
            #{status,jdbcType=VARCHAR},#{projectId,jdbcType=VARCHAR})
  </insert>
  <update id="updateByPrimaryKeySelective" parameterType="com.demo1.dao.entity.QuestionnaireEntity">
    <!--
      WARNING - @mbg.generated
      This element is automatically generated by MyBatis Generator, do not modify.
    -->
    update questionnaire_info
    <set>
      <if test="questionnaireTitle != null">
        questionnaire_title = #{questionnaireTitle,jdbcType=VARCHAR},
      </if>
      <if test="questionnaireDescription != null">
        questionnaire_description = #{questionnaireDescription,jdbcType=VARCHAR},
      </if>
      <if test="startTime != null">
        start_time = #{startTime,jdbcType=TIMESTAMP},
      </if>
      <if test="endTime != null">
        end_time = #{endTime,jdbcType=TIMESTAMP},
      </if>
      <if test="createdBy != null">
        created_by = #{createdBy,jdbcType=VARCHAR},
      </if>
      <if test="creationTime != null">
        creation_time = #{creationTime,jdbcType=TIMESTAMP},
      </if>
      <if test="questionnaireType != null">
          questionnaire_type = #{questionnaireType,jdbcType=VARCHAR},
      </if>
      <if test="questionnaireCount != null">
        questionnaire_count = #{questionnaireCount,jdbcType=VARCHAR},
      </if>
      <if test="status != null">
          status = #{status,jdbcType=VARCHAR},
      </if>
        <if test="projectName != null">
          project_name = #{projectName,jdbcType=VARCHAR},
        </if>
    </set>
    where id = #{id,jdbcType=VARCHAR}
  </update>
</mapper>