<?xml version="1.0" encoding="UTF-8"?>
<!DOCTYPE mapper PUBLIC "-//mybatis.org//DTD Mapper 3.0//EN" "http://mybatis.org/dtd/mybatis-3-mapper.dtd">
<mapper namespace="com.demo1.dao.QuestionEntityMapper">
  <resultMap id="BaseResultMap" type="com.demo1.dao.entity.QuestionEntity">
    <!--
      WARNING - @mbg.generated
      This element is automatically generated by MyBatis Generator, do not modify.
    -->
    <id column="id" jdbcType="VARCHAR" property="id" />
    <result column="questionnaire_id" jdbcType="VARCHAR" property="questionnaireId" />
    <result column="question_title" jdbcType="VARCHAR" property="questionTitle" />
    <result column="question_num" jdbcType="INTEGER" property="questionNum" />
    <result column="mustAnswer" jdbcType="VARCHAR" property="mustAnswer" />
    <result column="question_type" jdbcType="VARCHAR" property="questionType" />

    <association property="questionnaire_info" javaType="com.demo1.dao.entity.QuestionnaireEntity">
      <id column="id" jdbcType="VARCHAR" property="qid"/>
    </association>
  </resultMap>
  <sql id="Base_Column_List">
    <!--
      WARNING - @mbg.generated
      This element is automatically generated by MyBatis Generator, do not modify.
    -->
    id,questionnaire_id,question_title,question_num,mustAnswer,question_type,leftTitle
  </sql>

  <select id="queryQuestionList" parameterType="java.lang.String" resultType="com.demo1.dao.entity.QuestionEntity">
    <!--
      WARNING - @mbg.generated
      This element is automatically generated by MyBatis Generator, do not modify.
    -->
    SELECT id,questionnaire_id as "questionnaireId",question_title as "questionTitle",
    question_num as "questionNum",
    mustAnswer,question_type as "questionType",left_title as "leftTitle"
    FROM question_info
    WHERE question_info.questionnaire_id = #{questionnaireId,jdbcType=VARCHAR}
    order by questionNum
  </select>
  <delete id="deleteQuestionById" parameterType="com.demo1.dao.entity.QuestionEntity">
    <!--
      WARNING - @mbg.generated
      This element is automatically generated by MyBatis Generator, do not modify.
    -->
    delete from question_info
    where id = #{id,jdbcType=VARCHAR}
  </delete>
  <insert id="insert" parameterType="com.demo1.dao.entity.QuestionEntity">
    <!--
      WARNING - @mbg.generated
      This element is automatically generated by MyBatis Generator, do not modify.
    -->
    insert into question_info (id,questionnaire_id,question_title,question_num,mustAnswer,question_type,left_title)
    values (#{id,jdbcType=VARCHAR},#{questionnaireId,jdbcType=VARCHAR},#{questionTitle,jdbcType=VARCHAR},#{questionNum,jdbcType=INTEGER},
    #{mustAnswer,jdbcType=VARCHAR},#{questionType,jdbcType=VARCHAR},#{leftTitle,jdbcType=VARCHAR})
  </insert>
  <update id="updateByPrimaryKeySelective" parameterType="com.demo1.dao.entity.QuestionEntity">
    <!--
      WARNING - @mbg.generated
      This element is automatically generated by MyBatis Generator, do not modify.
    -->
    update question_info
    <set>
      <if test="questionnaireId != null">
        questionnaire_id = #{questionnaireId,jdbcType=VARCHAR}
      </if>
      <if test="questionTitle != null">
        question_title = #{questionTitle,jdbcType=VARCHAR},
      </if>
      <if test="questionNum != null">
        question_num = #{questionNum,jdbcType=INTEGER},
      </if>

      <if test="mustAnswer != null">
        mustAnswer = #{mustAnswer,jdbcType=VARCHAR},
      </if>
      <if test="questionType != null">
        question_type = #{questionType,jdbcType=VARCHAR},
      </if>
    </set>
    where id = #{id,jdbcType=VARCHAR}
  </update>
</mapper>