<?xml version="1.0" encoding="UTF-8"?>
<!DOCTYPE mapper PUBLIC "-//mybatis.org//DTD Mapper 3.0//EN" "http://mybatis.org/dtd/mybatis-3-mapper.dtd">
<mapper namespace="com.demo1.dao.UserEntityMapper">
  <resultMap id="BaseResultMap" type="com.demo1.dao.entity.UserEntity">
    <!--
      WARNING - @mbg.generated
      This element is automatically generated by MyBatis Generator, do not modify.
    -->
    <id column="id" jdbcType="VARCHAR" property="id" />
    <result column="username" jdbcType="VARCHAR" property="username" />
    <result column="password" jdbcType="VARCHAR" property="password" />
    <result column="start_time" jdbcType="TIMESTAMP" property="startTime" />
    <result column="stop_time" jdbcType="TIMESTAMP" property="stopTime" />
    <result column="status" jdbcType="VARCHAR" property="status" />
    <result column="created_by" jdbcType="CHAR" property="createdBy" />
    <result column="creation_date" jdbcType="TIMESTAMP" property="creationDate" />
    <result column="last_updated_by" jdbcType="CHAR" property="lastUpdatedBy" />
    <result column="last_update_date" jdbcType="TIMESTAMP" property="lastUpdateDate" />
  </resultMap>
  <sql id="Base_Column_List">
    <!--
      WARNING - @mbg.generated
      This element is automatically generated by MyBatis Generator, do not modify.
    -->
    id, username, password, start_time, stop_time, status, created_by, creation_date,
    last_updated_by, last_update_date
  </sql>
  <select id="selectByPrimaryKey" parameterType="java.lang.String" resultMap="BaseResultMap">
    <!--
      WARNING - @mbg.generated
      This element is automatically generated by MyBatis Generator, do not modify.
    -->
    select 
    <include refid="Base_Column_List" />
    from user_info
    where id = #{id,jdbcType=VARCHAR}
  </select>

  <delete id="deleteUserById" parameterType="com.demo1.dao.entity.UserEntity">
    <!--
      WARNING - @mbg.generated
      This element is automatically generated by MyBatis Generator, do not modify.
    -->
    delete from user_info
    where id = #{id,jdbcType=VARCHAR}
  </delete>
  <insert id="insert" parameterType="com.demo1.dao.entity.UserEntity">
    <!--
      WARNING - @mbg.generated
      This element is automatically generated by MyBatis Generator, do not modify.
    -->
    insert into user_info (id, username, password, 
      start_time, stop_time,
      status, created_by, creation_date, 
      last_updated_by, last_update_date)
    values (#{id,jdbcType=VARCHAR}, #{username,jdbcType=VARCHAR}, #{password,jdbcType=VARCHAR}, 
       #{startTime,jdbcType=TIMESTAMP}, #{stopTime,jdbcType=TIMESTAMP},
      #{status,jdbcType=VARCHAR}, #{createdBy,jdbcType=CHAR}, #{creationDate,jdbcType=TIMESTAMP}, 
      #{lastUpdatedBy,jdbcType=CHAR}, #{lastUpdateDate,jdbcType=TIMESTAMP})
  </insert>
  <insert id="insertSelective" parameterType="com.demo1.dao.entity.UserEntity">
    <!--
      WARNING - @mbg.generated
      This element is automatically generated by MyBatis Generator, do not modify.
    -->
    insert into user_info
    <trim prefix="(" suffix=")" suffixOverrides=",">
      <if test="id != null">
        id,
      </if>
      <if test="username != null">
        username,
      </if>
      <if test="password != null">
        password,
      </if>

      <if test="startTime != null">
        start_time,
      </if>
      <if test="stopTime != null">
        stop_time,
      </if>
      <if test="status == null">
        status,
      </if>
      <if test="createdBy != null">
        created_by,
      </if>
      <if test="creationDate != null">
        creation_date,
      </if>
      <if test="lastUpdatedBy != null">
        last_updated_by,
      </if>
      <if test="lastUpdateDate != null">
        last_update_date,
      </if>
    </trim>
    <trim prefix="values (" suffix=")" suffixOverrides=",">
      <if test="id != null">
        #{id,jdbcType=VARCHAR},
      </if>
      <if test="username != null">
        #{username,jdbcType=VARCHAR},
      </if>
      <if test="password != null">
        #{password,jdbcType=VARCHAR},
      </if>

      <if test="startTime != null">
        #{startTime,jdbcType=TIMESTAMP},
      </if>
      <if test="stopTime != null">
        #{stopTime,jdbcType=TIMESTAMP},
      </if>
      <if test="status == null">
        1,
      </if>
      <if test="createdBy != null">
        #{createdBy,jdbcType=CHAR},
      </if>
      <if test="creationDate != null">
        #{creationDate,jdbcType=TIMESTAMP},
      </if>
      <if test="lastUpdatedBy != null">
        #{lastUpdatedBy,jdbcType=CHAR},
      </if>
      <if test="lastUpdateDate != null">
        #{lastUpdateDate,jdbcType=TIMESTAMP},
      </if>
    </trim>
  </insert>

  <update id="updateByPrimaryKeySelective" parameterType="com.demo1.dao.entity.UserEntity">
    <!--
      WARNING - @mbg.generated
      This element is automatically generated by MyBatis Generator, do not modify.
    -->
    update user_info
    <set>
      <if test="username != null">
        username = #{username,jdbcType=VARCHAR},
      </if>
      <if test="password != null">
        password = #{password,jdbcType=VARCHAR},
      </if>

      <if test="startTime != null">
        start_time = #{startTime,jdbcType=TIMESTAMP},
      </if>
      <if test="stopTime != null">
        stop_time = #{stopTime,jdbcType=TIMESTAMP},
      </if>
      <if test="status != null">
        status = #{status,jdbcType=VARCHAR},
      </if>
      <if test="createdBy != null">
        created_by = #{createdBy,jdbcType=CHAR},
      </if>
      <if test="creationDate != null">
        creation_date = #{creationDate,jdbcType=TIMESTAMP},
      </if>
      <if test="lastUpdatedBy != null">
        last_updated_by = #{lastUpdatedBy,jdbcType=CHAR},
      </if>
      <if test="lastUpdateDate != null">
        last_update_date = #{lastUpdateDate,jdbcType=TIMESTAMP},
      </if>
    </set>
    where id = #{id,jdbcType=VARCHAR}
  </update>
  <update id="updateByPrimaryKey" parameterType="com.demo1.dao.entity.UserEntity">
    <!--
      WARNING - @mbg.generated
      This element is automatically generated by MyBatis Generator, do not modify.
    -->
    update user_info
    set username = #{username,jdbcType=VARCHAR},
      password = #{password,jdbcType=VARCHAR},

      start_time = #{startTime,jdbcType=TIMESTAMP},
      stop_time = #{stopTime,jdbcType=TIMESTAMP},
      status = #{status,jdbcType=VARCHAR},
      created_by = #{createdBy,jdbcType=CHAR},
      creation_date = #{creationDate,jdbcType=TIMESTAMP},
      last_updated_by = #{lastUpdatedBy,jdbcType=CHAR},
      last_update_date = #{lastUpdateDate,jdbcType=TIMESTAMP}
    where id = #{id,jdbcType=VARCHAR}
  </update>
    <!--根据用户名查找用户信息-->
  <select id="selectUserInfo" parameterType="java.lang.String" resultType="com.demo1.dao.entity.UserEntity">
    SELECT id,username,`password`,status
    FROM user_info
    WHERE username = #{username,jdbcType=VARCHAR} and `password` = #{password,jdbcType=VARCHAR}
    AND status = "1"
  </select>

  <select id="queryUserList" parameterType="java.lang.String" resultType="com.demo1.dao.entity.UserEntity">
    SELECT
        id,username,password,start_time as "starttime", stop_time as "stoptime"
    FROM user_info
    WHERE status = "1"
  </select>
</mapper>